component,residual_words,source,translated,history_files
Choice 1 (TMP),Beer,"> <color=#FFEB04><color=#8F563B>Beer</color> [<color=#FCC926><color=#FFFFFF>5</color> Gold<sprite name=""Gold""></color>]</color>","> <color=#FFEB04><color=#8F563B>Beer</color> [<color=#FCC926><color=#FFFFFF>5</color> 金币<sprite name=""Gold""></color>]</color>",live:_TmpResidualEnglish.txt
Choice 2 (TMP),Champagne,"  <color=#808080><color=#008E05>Champagne</color> [<color=#FCC926><color=#FFFFFF>10</color> Gold<sprite name=""Gold""></color>]</color>","  <color=#808080><color=#008E05>Champagne</color> [<color=#FCC926><color=#FFFFFF>10</color> 金币<sprite name=""Gold""></color>]</color>",live:_TmpUntranslated.txt
Choice 2 (TMP),Champagne,"> <color=#FFEB04><color=#008E05>Champagne</color> [<color=#FCC926><color=#FFFFFF>10</color> Gold<sprite name=""Gold""></color>]</color>","> <color=#FFEB04><color=#008E05>Champagne</color> [<color=#FCC926><color=#FFFFFF>10</color> 金币<sprite name=""Gold""></color>]</color>",live:_TmpUntranslated.txt
Choice 2 (TMP),Rum,"  <color=#808080><color=#8F563B>Rum</color> [<color=#FCC926><color=#FFFFFF>5</color> Gold<sprite name=""Gold""></color>]</color>","  <color=#808080><color=#8F563B>Rum</color> [<color=#FCC926><color=#FFFFFF>5</color> 金币<sprite name=""Gold""></color>]</color>",live:_TmpUntranslated.txt
Choice 2 (TMP),Rum,"> <color=#FFEB04><color=#8F563B>Rum</color> [<color=#FCC926><color=#FFFFFF>5</color> Gold<sprite name=""Gold""></color>]</color>","> <color=#FFEB04><color=#8F563B>Rum</color> [<color=#FCC926><color=#FFFFFF>5</color> 金币<sprite name=""Gold""></color>]</color>",live:_TmpUntranslated.txt
Choice 3 (TMP),Tequila,"> <color=#FFEB04><color=#5FCDE4>Tequila</color> [<color=#FCC926><color=#FFFFFF>20</color> Gold<sprite name=""Gold""></color>]</color>","> <color=#FFEB04><color=#5FCDE4>Tequila</color> [<color=#FCC926><color=#FFFFFF>20</color> 金币<sprite name=""Gold""></color>]</color>",live:_TmpResidualEnglish.txt
Choice 3 (TMP),Whiskey,"  <color=#808080><color=#DE6A1D>Whiskey</color> [<color=#FCC926><color=#FFFFFF>5</color> Gold<sprite name=""Gold""></color>]</color>","  <color=#808080><color=#DE6A1D>Whiskey</color> [<color=#FCC926><color=#FFFFFF>5</color> 金币<sprite name=""Gold""></color>]</color>",live:_TmpUntranslated.txt
Choice 3 (TMP),Whiskey,"> <color=#FFEB04><color=#DE6A1D>Whiskey</color> [<color=#FCC926><color=#FFFFFF>5</color> Gold<sprite name=""Gold""></color>]</color>","> <color=#FFEB04><color=#DE6A1D>Whiskey</color> [<color=#FCC926><color=#FFFFFF>5</color> 金币<sprite name=""Gold""></color>]</color>",live:_TmpUntranslated.txt
Cinder Modifier Description,Average;Ever;Highest;Last;Level;Of;Sum;Win,Highest 余烬 Level Win Ever: <color=#5ECCE3>0</color>\nHighest Win Streak: <color=#0DAB00>0</color>\nHighest 余烬 Sum: <color=#0DAB00>0</color>\nAverage 余烬: <color=#0DAB00>0</color>\nAverage 余烬 Of Last 5: <color=#0DAB00>0</color>,Highest 余烬 Level Win Ever: <color=#5ECCE3>0</color>\nHighest 连胜: <color=#0DAB00>0</color>\nHighest 余烬 Sum: <color=#0DAB00>0</color>\nAverage 余烬: <color=#0DAB00>0</color>\nAverage 余烬 Of Last 5: <color=#0DAB00>0</color>,live:_TmpUntranslated.txt
Cinder Modifier Description,NaN,Highest Cinder Win Ever: 0\nCinder Sum High Score: 0\nAverage: NaN\nAverage Of Last 5: NaN,历史最高余烬胜利：0\n余烬总和最高纪录：0\n平均值：NaN\n最近 5 局平均值：NaN,live:_TmpResidualEnglish.txt
Description Text,Bolt,Storm In A Bottle\n<color=#808080>Consumable</color>\n•<indent=7px><color=#00E61A>Every 0.25 seconds </color> <color=#A61FFF>triggers</color> a\n<color=#FFE63D><color=#FFE63D>Lightning</color> Bolt</color> that deals\n<color=#00E61A>449 to 1562</color> <color=#FFE63D>Lightning</color> . <color=#808080>[<color=#A61FFF>Tick</color>]</color></indent>\n<color=#808080>•Duration: </color><color=#00E61A>10</color> <color=#00E61A>seconds</color><color=#808080>\n•Max Stacks: 1</color>,瓶中风暴\n<color=#808080>消耗品</color>\n•<indent=7px><color=#00E61A>每 0.25 秒 </color> <color=#A61FFF>触发</color> a\n<color=#FFE63D><color=#FFE63D>闪电</color> Bolt</color> 造成\n<color=#00E61A>449 至 1562</color> <color=#FFE63D>闪电</color> . <color=#808080>[<color=#A61FFF>周期</color>]</color></indent>\n<color=#808080>•持续时间： </color><color=#00E61A>10</color> <color=#00E61A>秒</color><color=#808080>\n•最大层数： 1</color>,live:_TmpResidualEnglish.txt
Description Text,Bolt,Storm In A Bottle\n<color=#808080>消耗品</color>\n•<indent=7px><color=#00E61A>Every 0.25 秒 </color> <color=#A61FFF>triggers</color> a\n<color=#FFE63D><color=#FFE63D>闪电</color> Bolt</color> 造成\n<color=#00E61A>449 至 1562</color> <color=#FFE63D>闪电</color> . <color=#808080>[<color=#A61FFF>周期</color>]</color></indent>\n<color=#808080>•持续时间: </color><color=#00E61A>10</color> <color=#00E61A>秒</color><color=#808080>\n•最大层数: 1</color>,瓶中风暴\n<color=#808080>消耗品</color>\n•<indent=7px><color=#00E61A>每 0.25 秒 </color> <color=#A61FFF>触发</color> a\n<color=#FFE63D><color=#FFE63D>闪电</color> Bolt</color> 造成\n<color=#00E61A>449 至 1562</color> <color=#FFE63D>闪电</color> . <color=#808080>[<color=#A61FFF>周期</color>]</color></indent>\n<color=#808080>•持续时间: </color><color=#00E61A>10</color> <color=#00E61A>秒</color><color=#808080>\n•最大层数: 1</color>,live:_TmpUntranslated.txt
Description Text,Champagne,"<color=#008E05><color=#008E05>Champagne</color></color>\n•<color=#00E61A>+10%</color> 同伴<sprite name=""Companion""> 伤害<color=#808080>\n•最大层数: </color><color=#808080><color=#FCC926>醉意</color> 上限 (<color=#00E61A>3</color>)</color><color=#808080>\n•Shares stacks,作用于 other <color=#A61FFF>Booze</color>.</color>\n<color=#808080>[<color=#A61FFF><color=#A61FFF>Booze</color></color>] </color><color=#808080>[<color=#A61FFF><color=#A61FFF>增益</color></color>] </color>","<color=#008E05><color=#008E05>Champagne</color></color>\n•<color=#00E61A>+10%</color> 同伴<sprite name=""Companion""> 伤害<color=#808080>\n•最大层数: </color><color=#808080><color=#FCC926>醉意</color> 上限 (<color=#00E61A>3</color>)</color><color=#808080>\n•与其他同类共享层数: <color=#A61FFF>酒类</color>.</color>\n<color=#808080>[<color=#A61FFF><color=#A61FFF>酒类</color></color>] </color><color=#808080>[<color=#A61FFF><color=#A61FFF>增益</color></color>] </color>",live:_TmpUntranslated.txt
Description Text,Champagne;other;Shares;stacks,"<color=#008E05><color=#008E05>Champagne</color></color>\n•<color=#00E61A>+10%</color> Companion<sprite name=""Companion""> Damage<color=#808080>\n•Max Stacks: </color><color=#808080><color=#FCC926>Tipsiness</color> Limit (<color=#00E61A>3</color>)</color><color=#808080>\n•Shares stacks with other <color=#A61FFF>Booze</color>.</color>\n<color=#808080>[<color=#A61FFF><color=#A61FFF>Booze</color></color>] </color><color=#808080>[<color=#A61FFF><color=#A61FFF>Buff</color></color>] </color>","<color=#008E05><color=#008E05>Champagne</color></color>\n•<color=#00E61A>+10%</color> 同伴<sprite name=""Companion""> 伤害<color=#808080>\n•最大层数： </color><color=#808080><color=#FCC926>醉意</color> 上限 (<color=#00E61A>3</color>)</color><color=#808080>\n•Shares stacks，作用于 other <color=#A61FFF>酒类</color>.</color>\n<color=#808080>[<color=#A61FFF><color=#A61FFF>酒类</color></color>] </color><color=#808080>[<color=#A61FFF><color=#A61FFF>增益</color></color>] </color>",live:_TmpResidualEnglish.txt
Description Text,Elemental,<color=#008E05><color=#018606>Poison</color></color>\n<color=#808080>•Damage: </color><color=#00E61A>17 to 27</color> <color=#1F852E>Poison</color> <color=#808080>\n•Maximum Stacks: </color><color=#00E61A>infinite</color><color=#808080>\n•Tick Speed: </color><color=#00E61A>2</color>\n<color=#808080>•Duration: </color><color=#00E61A>4</color> <color=#00E61A>seconds</color>\n<color=#808080>[<color=#A61FFF>Damage Over Time</color>] </color><color=#808080>[<color=#A61FFF><color=#A61FFF>Ailment</color></color>] </color><color=#808080>\n[<color=#FF0000>E</color><color=#FF7F00>l</color><color=#FFFF00>e</color><color=#00FF00>m</color><color=#0000FF>e</color><color=#9400D3>n</color><color=#FF0000>t</color><color=#FF7F00>a</color><color=#FFFF00>l</color>] </color><color=#808080>[<color=#A61FFF>Tick</color>]</color>,<color=#008E05><color=#018606>毒素</color></color>\n<color=#808080>•伤害： </color><color=#00E61A>17 至 27</color> <color=#1F852E>毒素</color> <color=#808080>\n•最大层数： </color><color=#00E61A>无限</color><color=#808080>\n•触发速度： </color><color=#00E61A>2</color>\n<color=#808080>•持续时间： </color><color=#00E61A>4</color> <color=#00E61A>秒</color>\n<color=#808080>[<color=#A61FFF>持续伤害</color>] </color><color=#808080>[<color=#A61FFF><color=#A61FFF>异常状态</color></color>] </color><color=#808080>\n[<color=#FF0000>E</color><color=#FF7F00>l</color><color=#FFFF00>e</color><color=#00FF00>m</color><color=#0000FF>e</color><color=#9400D3>n</color><color=#FF0000>t</color><color=#FF7F00>a</color><color=#FFFF00>l</color>] </color><color=#808080>[<color=#A61FFF>周期</color>]</color>,live:_TmpResidualEnglish.txt
Description Text,Elemental,<color=#008E05><color=#018606>Poison</color></color>\n<color=#808080>•Damage: </color><color=#00E61A>22 to 36</color> <color=#1F852E>Poison</color> <color=#808080>\n•Maximum Stacks: </color><color=#00E61A>infinite</color><color=#808080>\n•Tick Speed: </color><color=#00E61A>2</color>\n<color=#808080>•Duration: </color><color=#00E61A>4</color> <color=#00E61A>seconds</color>\n<color=#808080>[<color=#A61FFF>Damage Over Time</color>] </color><color=#808080>[<color=#A61FFF><color=#A61FFF>Ailment</color></color>] </color><color=#808080>\n[<color=#FF0000>E</color><color=#FF7F00>l</color><color=#FFFF00>e</color><color=#00FF00>m</color><color=#0000FF>e</color><color=#9400D3>n</color><color=#FF0000>t</color><color=#FF7F00>a</color><color=#FFFF00>l</color>] </color><color=#808080>[<color=#A61FFF>Tick</color>]</color>,<color=#008E05><color=#018606>毒素</color></color>\n<color=#808080>•伤害： </color><color=#00E61A>22 至 36</color> <color=#1F852E>毒素</color> <color=#808080>\n•最大层数： </color><color=#00E61A>无限</color><color=#808080>\n•触发速度： </color><color=#00E61A>2</color>\n<color=#808080>•持续时间： </color><color=#00E61A>4</color> <color=#00E61A>秒</color>\n<color=#808080>[<color=#A61FFF>持续伤害</color>] </color><color=#808080>[<color=#A61FFF><color=#A61FFF>异常状态</color></color>] </color><color=#808080>\n[<color=#FF0000>E</color><color=#FF7F00>l</color><color=#FFFF00>e</color><color=#00FF00>m</color><color=#0000FF>e</color><color=#9400D3>n</color><color=#FF0000>t</color><color=#FF7F00>a</color><color=#FFFF00>l</color>] </color><color=#808080>[<color=#A61FFF>周期</color>]</color>,live:_TmpResidualEnglish.txt
Description Text,Elemental,<color=#008E05><color=#018606>Poison</color></color>\n<color=#808080>•Damage: </color><color=#00E61A>27 to 46</color> <color=#1F852E>Poison</color> <color=#808080>\n•Maximum Stacks: </color><color=#00E61A>infinite</color><color=#808080>\n•Tick Speed: </color><color=#00E61A>2</color>\n<color=#808080>•Duration: </color><color=#00E61A>4</color> <color=#00E61A>seconds</color>\n<color=#808080>[<color=#A61FFF>Damage Over Time</color>] </color><color=#808080>[<color=#A61FFF><color=#A61FFF>Ailment</color></color>] </color><color=#808080>\n[<color=#FF0000>E</color><color=#FF7F00>l</color><color=#FFFF00>e</color><color=#00FF00>m</color><color=#0000FF>e</color><color=#9400D3>n</color><color=#FF0000>t</color><color=#FF7F00>a</color><color=#FFFF00>l</color>] </color><color=#808080>[<color=#A61FFF>Tick</color>]</color>,<color=#008E05><color=#018606>毒素</color></color>\n<color=#808080>•伤害： </color><color=#00E61A>27 至 46</color> <color=#1F852E>毒素</color> <color=#808080>\n•最大层数： </color><color=#00E61A>无限</color><color=#808080>\n•触发速度： </color><color=#00E61A>2</color>\n<color=#808080>•持续时间： </color><color=#00E61A>4</color> <color=#00E61A>秒</color>\n<color=#808080>[<color=#A61FFF>持续伤害</color>] </color><color=#808080>[<color=#A61FFF><color=#A61FFF>异常状态</color></color>] </color><color=#808080>\n[<color=#FF0000>E</color><color=#FF7F00>l</color><color=#FFFF00>e</color><color=#00FF00>m</color><color=#0000FF>e</color><color=#9400D3>n</color><color=#FF0000>t</color><color=#FF7F00>a</color><color=#FFFF00>l</color>] </color><color=#808080>[<color=#A61FFF>周期</color>]</color>,live:_TmpResidualEnglish.txt
Description Text,Elemental,<color=#008E05><color=#018606>毒素</color></color>\n<color=#808080>•伤害: </color><color=#00E61A>17 至 27</color> <color=#1F852E>毒素</color> <color=#808080>\n•最大层数: </color><color=#00E61A>无限</color><color=#808080>\n•触发速度: </color><color=#00E61A>2</color>\n<color=#808080>•持续时间: </color><color=#00E61A>4</color> <color=#00E61A>秒</color>\n<color=#808080>[<color=#A61FFF>持续伤害</color>] </color><color=#808080>[<color=#A61FFF><color=#A61FFF>异常状态</color></color>] </color><color=#808080>\n[<color=#FF0000>E</color><color=#FF7F00>l</color><color=#FFFF00>e</color><color=#00FF00>m</color><color=#0000FF>e</color><color=#9400D3>n</color><color=#FF0000>t</color><color=#FF7F00>a</color><color=#FFFF00>l</color>] </color><color=#808080>[<color=#A61FFF>周期</color>]</color>,<color=#008E05><color=#018606>毒素</color></color>\n<color=#808080>•伤害: </color><color=#00E61A>17 至 27</color> <color=#1F852E>毒素</color> <color=#808080>\n•最大层数: </color><color=#00E61A>无限</color><color=#808080>\n•触发速度: </color><color=#00E61A>2</color>\n<color=#808080>•持续时间: </color><color=#00E61A>4</color> <color=#00E61A>秒</color>\n<color=#808080>[<color=#A61FFF>持续伤害</color>] </color><color=#808080>[<color=#A61FFF><color=#A61FFF>异常状态</color></color>] </color><color=#808080>\n[<color=#FF0000>E</color><color=#FF7F00>l</color><color=#FFFF00>e</color><color=#00FF00>m</color><color=#0000FF>e</color><color=#9400D3>n</color><color=#FF0000>t</color><color=#FF7F00>a</color><color=#FFFF00>l</color>] </color><color=#808080>[<color=#A61FFF>周期</color>]</color>,live:_TmpUntranslated.txt
Description Text,Elemental,<color=#008E05><color=#018606>毒素</color></color>\n<color=#808080>•伤害: </color><color=#00E61A>27 至 46</color> <color=#1F852E>毒素</color> <color=#808080>\n•最大层数: </color><color=#00E61A>无限</color><color=#808080>\n•触发速度: </color><color=#00E61A>2</color>\n<color=#808080>•持续时间: </color><color=#00E61A>4</color> <color=#00E61A>秒</color>\n<color=#808080>[<color=#A61FFF>持续伤害</color>] </color><color=#808080>[<color=#A61FFF><color=#A61FFF>异常状态</color></color>] </color><color=#808080>\n[<color=#FF0000>E</color><color=#FF7F00>l</color><color=#FFFF00>e</color><color=#00FF00>m</color><color=#0000FF>e</color><color=#9400D3>n</color><color=#FF0000>t</color><color=#FF7F00>a</color><color=#FFFF00>l</color>] </color><color=#808080>[<color=#A61FFF>周期</color>]</color>,<color=#008E05><color=#018606>毒素</color></color>\n<color=#808080>•伤害: </color><color=#00E61A>27 至 46</color> <color=#1F852E>毒素</color> <color=#808080>\n•最大层数: </color><color=#00E61A>无限</color><color=#808080>\n•触发速度: </color><color=#00E61A>2</color>\n<color=#808080>•持续时间: </color><color=#00E61A>4</color> <color=#00E61A>秒</color>\n<color=#808080>[<color=#A61FFF>持续伤害</color>] </color><color=#808080>[<color=#A61FFF><color=#A61FFF>异常状态</color></color>] </color><color=#808080>\n[<color=#FF0000>E</color><color=#FF7F00>l</color><color=#FFFF00>e</color><color=#00FF00>m</color><color=#0000FF>e</color><color=#9400D3>n</color><color=#FF0000>t</color><color=#FF7F00>a</color><color=#FFFF00>l</color>] </color><color=#808080>[<color=#A61FFF>周期</color>]</color>,live:_TmpUntranslated.txt
Description Text,Hex;Instability;Taken,<color=#FF3326><color=#FF3326>Instability</color></color>\n•<color=#00E61A>x1.40</color> Top End Damage Taken\n<color=#808080>•Duration: </color><color=#00E61A>8</color> <color=#00E61A>seconds</color><color=#808080>\n•Max Stacks: </color><color=#00E61A>1</color>\n<color=#808080>[<color=#A61FFF><color=#A61FFF>Hex</color></color>] </color><color=#808080>[<color=#A61FFF><color=#A61FFF>Debuff</color></color>] </color>,<color=#FF3326><color=#FF3326>Instability</color></color>\n•<color=#00E61A>x1.40</color> 伤害上限 Taken\n<color=#808080>•持续时间： </color><color=#00E61A>8</color> <color=#00E61A>秒</color><color=#808080>\n•最大层数： </color><color=#00E61A>1</color>\n<color=#808080>[<color=#A61FFF><color=#A61FFF>Hex</color></color>] </color><color=#808080>[<color=#A61FFF><color=#A61FFF>减益</color></color>] </color>,live:_TmpResidualEnglish.txt
Description Text,Hex;Instability;Taken,<color=#FF3326><color=#FF3326>Instability</color></color>\n•<color=#00E61A>x1.40</color> 伤害上限 Taken\n<color=#808080>•持续时间: </color><color=#00E61A>8</color> <color=#00E61A>秒</color><color=#808080>\n•最大层数: </color><color=#00E61A>1</color>\n<color=#808080>[<color=#A61FFF><color=#A61FFF>Hex</color></color>] </color><color=#808080>[<color=#A61FFF><color=#A61FFF>减益</color></color>] </color>,<color=#FF3326><color=#FF3326>Instability</color></color>\n•<color=#00E61A>x1.40</color> 伤害上限 Taken\n<color=#808080>•持续时间: </color><color=#00E61A>8</color> <color=#00E61A>秒</color><color=#808080>\n•最大层数: </color><color=#00E61A>1</color>\n<color=#808080>[<color=#A61FFF><color=#A61FFF>Hex</color></color>] </color><color=#808080>[<color=#A61FFF><color=#A61FFF>减益</color></color>] </color>,live:_TmpUntranslated.txt
Description Text,Mead,"<color=#FFC414>Mead</color>\n<color=#808080>消耗品</color> | <color=#808080>Booze</color>\n•<color=#00E61A>+2.5%</color> <color=#FFFFFF>攻击速度</color><color=#808080>\n•最大层数: </color><color=#808080><color=#FCC926>醉意</color> 上限 (<color=#00E61A>3</color>)</color><color=#808080>\n•Shares stacks,作用于 other <color=#A61FFF>Booze</color>.</color>\n<color=#808080>[<color=#A61FFF><color=#A61FFF>Booze</color></color>] </color><color=#808080>[<color=#A61FFF><color=#A61FFF>增益</color></color>] </color>",<color=#FFC414>Mead</color>\n<color=#808080>消耗品</color> | <color=#808080>酒类</color>\n•<color=#00E61A>+2.5%</color> <color=#FFFFFF>攻击速度</color><color=#808080>\n•最大层数: </color><color=#808080><color=#FCC926>醉意</color> 上限 (<color=#00E61A>3</color>)</color><color=#808080>\n•与其他同类共享层数: <color=#A61FFF>酒类</color>.</color>\n<color=#808080>[<color=#A61FFF><color=#A61FFF>酒类</color></color>] </color><color=#808080>[<color=#A61FFF><color=#A61FFF>增益</color></color>] </color>,live:_TmpUntranslated.txt
Description Text,Mead;other;Shares;stacks,<color=#FFC414>Mead</color>\n<color=#808080>Consumable</color> | <color=#808080>Booze</color>\n•<color=#00E61A>+2.5%</color> <color=#FFFFFF>Attack Speed</color><color=#808080>\n•Max Stacks: </color><color=#808080><color=#FCC926>Tipsiness</color> Limit (<color=#00E61A>3</color>)</color><color=#808080>\n•Shares stacks with other <color=#A61FFF>Booze</color>.</color>\n<color=#808080>[<color=#A61FFF><color=#A61FFF>Booze</color></color>] </color><color=#808080>[<color=#A61FFF><color=#A61FFF>Buff</color></color>] </color>,<color=#FFC414>Mead</color>\n<color=#808080>消耗品</color> | <color=#808080>酒类</color>\n•<color=#00E61A>+2.5%</color> <color=#FFFFFF>攻击速度</color><color=#808080>\n•最大层数： </color><color=#808080><color=#FCC926>醉意</color> 上限 (<color=#00E61A>3</color>)</color><color=#808080>\n•Shares stacks，作用于 other <color=#A61FFF>酒类</color>.</color>\n<color=#808080>[<color=#A61FFF><color=#A61FFF>酒类</color></color>] </color><color=#808080>[<color=#A61FFF><color=#A61FFF>增益</color></color>] </color>,live:_TmpResidualEnglish.txt
Description Text,Rum,"<color=#8F563B><color=#8F563B>Rum</color></color>\n•<color=#00E61A>+10%</color> <color=#00D608>幸运命中几率</color><sprite name=""Luck""><color=#808080>\n•最大层数: </color><color=#808080><color=#FCC926>醉意</color> 上限 (<color=#00E61A>3</color>)</color><color=#808080>\n•Shares stacks,作用于 other <color=#A61FFF>Booze</color>.</color>\n<color=#808080>[<color=#A61FFF><color=#A61FFF>Booze</color></color>] </color><color=#808080>[<color=#A61FFF><color=#A61FFF>增益</color></color>] </color>","<color=#8F563B><color=#8F563B>Rum</color></color>\n•<color=#00E61A>+10%</color> <color=#00D608>幸运命中几率</color><sprite name=""Luck""><color=#808080>\n•最大层数: </color><color=#808080><color=#FCC926>醉意</color> 上限 (<color=#00E61A>3</color>)</color><color=#808080>\n•与其他同类共享层数: <color=#A61FFF>酒类</color>.</color>\n<color=#808080>[<color=#A61FFF><color=#A61FFF>酒类</color></color>] </color><color=#808080>[<color=#A61FFF><color=#A61FFF>增益</color></color>] </color>",live:_TmpUntranslated.txt
Description Text,Whiskey,"<color=#DE6A1D><color=#DE6A1D>Whiskey</color></color>\n•<color=#00E61A>+5%</color> 移动速度<color=#808080>\n•最大层数: </color><color=#808080><color=#FCC926>醉意</color> 上限 (<color=#00E61A>3</color>)</color><color=#808080>\n•Shares stacks,作用于 other <color=#A61FFF>Booze</color>.</color>\n<color=#808080>[<color=#A61FFF><color=#A61FFF>Booze</color></color>] </color><color=#808080>[<color=#A61FFF><color=#A61FFF>增益</color></color>] </color>",<color=#DE6A1D><color=#DE6A1D>Whiskey</color></color>\n•<color=#00E61A>+5%</color> 移动速度<color=#808080>\n•最大层数: </color><color=#808080><color=#FCC926>醉意</color> 上限 (<color=#00E61A>3</color>)</color><color=#808080>\n•与其他同类共享层数: <color=#A61FFF>酒类</color>.</color>\n<color=#808080>[<color=#A61FFF><color=#A61FFF>酒类</color></color>] </color><color=#808080>[<color=#A61FFF><color=#A61FFF>增益</color></color>] </color>,live:_TmpUntranslated.txt
Description Text,all;Powder;Repair;Repairs,"Repair Powder\n<color=#808080>Consumable</color>\nRepairs all <color=#406E7D>Armor</color><sprite name=""Armor"">.\n<color=grey>(Cannot be used during combat.)</color>","Repair Powder\n<color=#808080>消耗品</color>\nRepairs all <color=#406E7D>护甲</color><sprite name=""Armor"">.\n<color=grey>(战斗中无法使用。)</color>",live:_TmpResidualEnglish.txt
Description Text,all;Powder;Repair;Repairs,"Repair Powder\n<color=#808080>消耗品</color>\nRepairs all <color=#406E7D>护甲</color><sprite name=""Armor"">.\n<color=grey>(战斗中无法使用.)</color>","Repair Powder\n<color=#808080>消耗品</color>\nRepairs all <color=#406E7D>护甲</color><sprite name=""Armor"">.\n<color=grey>(战斗中无法使用.)</color>",live:_TmpUntranslated.txt
Description Text,apply;are;at;considered;Modifiers;only;Orbital;Orbitals;Speed;value,•<indent=7px>Flails are considered Orbitals.</indent>\n•<indent=7px>Modifiers to <color=#FFFFFF>Orbital Speed </color>only\napply at <color=red>25%</color> value.</indent>,•<indent=7px>连枷s are considered Orbitals.</indent>\n•<indent=7px>Modifiers 至 <color=#FFFFFF>Orbital Speed </color>only\napply at <color=red>25%</color> value.</indent>,live:_TmpResidualEnglish.txt
Description Text,apply;are;at;considered;Modifiers;only;Orbital;Orbitals;Speed;value,•<indent=7px>Flails are considered Orbitals.</indent>\n•<indent=7px>Modifiers 至 <color=#FFFFFF>Orbital Speed </color>only\napply at <color=red>25%</color> value.</indent>,•<indent=7px>连枷s are considered Orbitals.</indent>\n•<indent=7px>Modifiers 至 <color=#FFFFFF>Orbital Speed </color>only\napply at <color=red>25%</color> value.</indent>,live:_TmpUntranslated.txt
Description Text,at;choices;include;least;Reward,Reward choices\ninclude <color=#00E317>at least</color>\n<color=#00E317>1</color> Helmet.,Reward choices\ninclude <color=#00E317>at least</color>\n<color=#00E317>1</color> 头盔.,live:_TmpResidualEnglish.txt
Description Text,at;choices;include;least;Reward,Reward choices\ninclude <color=#00E317>at least</color>\n<color=#00E317>1</color> Set Item.,Reward choices\ninclude <color=#00E317>at least</color>\n<color=#00E317>1</color> 套装物品.,live:_TmpResidualEnglish.txt
Description Text,at;choices;include;least;Reward,Reward choices\ninclude <color=#00E317>at least</color>\n<color=#00E317>1</color> 头盔.,Reward choices\ninclude <color=#00E317>at least</color>\n<color=#00E317>1</color> 头盔.,live:_TmpUntranslated.txt
Description Text,at;choices;include;least;Reward,Reward choices\ninclude <color=#00E317>at least</color>\n<color=#00E317>1</color> 套装 Item.,Reward choices\ninclude <color=#00E317>at least</color>\n<color=#00E317>1</color> 套装 物品.,live:_TmpUntranslated.txt
Description Text,chance;for;happen;have;Hit,"<color=#00D608>Lucky Hits</color><sprite name=""Luck""> have <color=#00E317>x2.00</color> chance\nfor <color=#A61FFF>Hit</color> Effects to happen.<color=#FFFFFF>\n<color=#00D608>Lucky Hit Chance</color><sprite name=""Luck"">: 0%</color>","<color=#00D608>幸运命中s</color><sprite name=""Luck""> have <color=#00E317>x2.00</color> chance\nfor <color=#A61FFF>Hit</color> 效果s 至 happen.<color=#FFFFFF>\n<color=#00D608>幸运命中几率</color><sprite name=""Luck"">: 0%</color>",live:_TmpResidualEnglish.txt
Description Text,grant,•<color=#FF2666>Steaks</color> grant <color=#00E317>+1</color> <color=#FF2666>Strength</color>.\n•<color=#FF2666>Meat Shanks</color> grant <color=#00E317>+3</color> <color=#FF2666>Strength</color>.,•<color=#FF2666>牛排</color> grant <color=#00E317>+1</color> <color=#FF2666>力量</color>.\n•<color=#FF2666>肉腿</color> grant <color=#00E317>+3</color> <color=#FF2666>力量</color>.,live:_TmpResidualEnglish.txt
Description Text,grant,•<color=#FF2666>Steaks</color> grant <color=#00E317>+1</color> <color=#FF2666>力量</color>.\n•<color=#FF2666>Meat Shanks</color> grant <color=#00E317>+3</color> <color=#FF2666>力量</color>.,•<color=#FF2666>牛排</color> grant <color=#00E317>+1</color> <color=#FF2666>力量</color>.\n•<color=#FF2666>肉腿</color> grant <color=#00E317>+3</color> <color=#FF2666>力量</color>.,live:_TmpUntranslated.txt
Description Text,other;Rum;Shares;stacks,"<color=#8F563B><color=#8F563B>Rum</color></color>\n•<color=#00E61A>+10%</color> <color=#00D608>Lucky Hit Chance</color><sprite name=""Luck""><color=#808080>\n•Max Stacks: </color><color=#808080><color=#FCC926>Tipsiness</color> Limit (<color=#00E61A>3</color>)</color><color=#808080>\n•Shares stacks with other <color=#A61FFF>Booze</color>.</color>\n<color=#808080>[<color=#A61FFF><color=#A61FFF>Booze</color></color>] </color><color=#808080>[<color=#A61FFF><color=#A61FFF>Buff</color></color>] </color>","<color=#8F563B><color=#8F563B>Rum</color></color>\n•<color=#00E61A>+10%</color> <color=#00D608>幸运命中几率</color><sprite name=""Luck""><color=#808080>\n•最大层数： </color><color=#808080><color=#FCC926>醉意</color> 上限 (<color=#00E61A>3</color>)</color><color=#808080>\n•Shares stacks，作用于 other <color=#A61FFF>酒类</color>.</color>\n<color=#808080>[<color=#A61FFF><color=#A61FFF>酒类</color></color>] </color><color=#808080>[<color=#A61FFF><color=#A61FFF>增益</color></color>] </color>",live:_TmpResidualEnglish.txt
Description Text,other;Shares;stacks,"<color=#5FCDE4><color=#5FCDE4>Tequila</color></color>\n•<color=#00E61A>+25%</color> <color=#FF3326>Critical Hit Damage</color><sprite name=""Critical_Hit""><color=#808080>\n•Max Stacks: </color><color=#808080><color=#FCC926>Tipsiness</color> Limit (<color=#00E61A>3</color>)</color><color=#808080>\n•Shares stacks with other <color=#A61FFF>Booze</color>.</color>\n<color=#808080>[<color=#A61FFF><color=#A61FFF>Booze</color></color>] </color><color=#808080>[<color=#A61FFF><color=#A61FFF>Buff</color></color>] </color>","<color=#5FCDE4><color=#5FCDE4>龙舌兰酒</color></color>\n•<color=#00E61A>+25%</color> <color=#FF3326>暴击伤害</color><sprite name=""Critical_Hit""><color=#808080>\n•最大层数： </color><color=#808080><color=#FCC926>醉意</color> 上限 (<color=#00E61A>3</color>)</color><color=#808080>\n•Shares stacks，作用于 other <color=#A61FFF>酒类</color>.</color>\n<color=#808080>[<color=#A61FFF><color=#A61FFF>酒类</color></color>] </color><color=#808080>[<color=#A61FFF><color=#A61FFF>增益</color></color>] </color>",live:_TmpResidualEnglish.txt
Description Text,other;Shares;stacks,<color=#8F563B><color=#8F563B>Beer</color></color>\n•<color=#00E61A>+10%</color> Damage<color=#808080>\n•Duration: </color><color=grey><color=#FCC926>Tipsiness</color> Duration</color><color=#808080>\n•Max Stacks: </color><color=#808080><color=#FCC926>Tipsiness</color> Limit (<color=#00E61A>3</color>)</color><color=#808080>\n•Shares stacks with other <color=#A61FFF>Booze</color>.</color>\n<color=#808080>[<color=#A61FFF><color=#A61FFF>Booze</color></color>] </color><color=#808080>[<color=#A61FFF><color=#A61FFF>Buff</color></color>] </color>,<color=#8F563B><color=#8F563B>啤酒</color></color>\n•<color=#00E61A>+10%</color> 伤害<color=#808080>\n•持续时间： </color><color=grey><color=#FCC926>醉意</color> 持续时间</color><color=#808080>\n•最大层数： </color><color=#808080><color=#FCC926>醉意</color> 上限 (<color=#00E61A>3</color>)</color><color=#808080>\n•Shares stacks，作用于 other <color=#A61FFF>酒类</color>.</color>\n<color=#808080>[<color=#A61FFF><color=#A61FFF>酒类</color></color>] </color><color=#808080>[<color=#A61FFF><color=#A61FFF>增益</color></color>] </color>,live:_TmpResidualEnglish.txt
Description Text,other;Shares;stacks;Whiskey,<color=#DE6A1D><color=#DE6A1D>Whiskey</color></color>\n•<color=#00E61A>+5%</color> Movement Speed<color=#808080>\n•Max Stacks: </color><color=#808080><color=#FCC926>Tipsiness</color> Limit (<color=#00E61A>3</color>)</color><color=#808080>\n•Shares stacks with other <color=#A61FFF>Booze</color>.</color>\n<color=#808080>[<color=#A61FFF><color=#A61FFF>Booze</color></color>] </color><color=#808080>[<color=#A61FFF><color=#A61FFF>Buff</color></color>] </color>,<color=#DE6A1D><color=#DE6A1D>Whiskey</color></color>\n•<color=#00E61A>+5%</color> 移动速度<color=#808080>\n•最大层数： </color><color=#808080><color=#FCC926>醉意</color> 上限 (<color=#00E61A>3</color>)</color><color=#808080>\n•Shares stacks，作用于 other <color=#A61FFF>酒类</color>.</color>\n<color=#808080>[<color=#A61FFF><color=#A61FFF>酒类</color></color>] </color><color=#808080>[<color=#A61FFF><color=#A61FFF>增益</color></color>] </color>,live:_TmpResidualEnglish.txt
Description Text,stack,"<color=#FCC926><color=#FCC926>醉意</color></color>\n<color=#808080>•层数: 0/<color=#00E61A>3</color></color><color=#808080>\n•持续时间: <color=#00E61A>10</color> 个房间,每个stack</color>","<color=#FCC926><color=#FCC926>醉意</color></color>\n<color=#808080>•层数: 0/<color=#00E61A>3</color></color><color=#808080>\n•持续时间: <color=#00E61A>10</color> 个房间,每个stack</color>",live:_TmpUntranslated.txt
Label,Find,"<color=#FF008C><color=#FF008C>Magic Find</color><sprite name=""Magic_Find""></color>:","<color=#FF008C><color=#FF008C>魔法 Find</color><sprite name=""Magic_Find""></color>:",live:_TmpResidualEnglish.txt
Label,al,<color=#26B0FF><color=#26B0FF>Magical</color></color>:,<color=#26B0FF><color=#26B0FF>魔法al</color></color>:,live:_TmpResidualEnglish.txt
Main Header,Brawler,<color=#808080>Brawler Charm</color>,<color=#808080>Brawler 护符</color>,live:_TmpResidualEnglish.txt
Main Header,Brawler,<color=#808080>Brawler 护符</color>,<color=#808080>Brawler 护符</color>,live:_TmpUntranslated.txt
Main Header,Iron,<color=#4CC2FF>Iron Ring</color>,<color=#4CC2FF>Iron 戒指</color>,live:_TmpResidualEnglish.txt
Main Header,Scholar,<color=#808080>Scholar Charm</color>,<color=#808080>Scholar 护符</color>,live:_TmpResidualEnglish.txt
Main Header,Scholar,<color=#808080>Scholar 护符</color>,<color=#808080>Scholar 护符</color>,live:_TmpUntranslated.txt
Main Header,Skull,<color=#FFDB59>Skull Ring</color>,<color=#FFDB59>Skull 戒指</color>,live:_TmpResidualEnglish.txt
Main Header,Skull,<color=#FFDB59>Skull 戒指</color>,<color=#FFDB59>Skull 戒指</color>,live:_TmpUntranslated.txt
Main Header,Valkyrie,<color=#FF631F>Valkyrie Helmet</color>,<color=#FF631F>Valkyrie 头盔</color>,live:_TmpResidualEnglish.txt
Main Header,Valkyrie,<color=#FF631F>Valkyrie 头盔</color>,<color=#FF631F>Valkyrie 头盔</color>,live:_TmpUntranslated.txt
Text,Box;Gift,<color=#808080>Consumable</color> | <color=#808080>Gift Box</color>\nGrants <color=#00E317>1</color> random Consumable Item.,<color=#808080>消耗品</color> | <color=#808080>Gift Box</color>\n获得<color=#00E317>1</color> 随机消耗品.,live:_TmpResidualEnglish.txt
Text,Box;Gift;Grants;Item;random,<size=92%><color=#808080>消耗品</color> | <color=#808080>Gift Box</color>\nGrants <color=#00E317>1</color> random 消耗品 Item.</size>,<size=92%><color=#808080>消耗品</color> | <color=#808080>Gift Box</color>\nGrants <color=#00E317>1</color> random 消耗品 Item.</size>,live:_TmpUntranslated.txt
Text,Doing,Doing w,Doing w,live:_TmpUntranslated.txt
Text,Doing;well,Doing well,Doing well,live:_TmpUntranslated.txt
Text,Glad,Glad,Glad,live:_TmpUntranslated.txt
Text,Glad;to,Glad to ,Glad to ,live:_TmpUntranslated.txt
Text,Has,<color=#4CC2FF><color=#4CC2FF>Uncommon</color></color> <color=#808080>Mace</color><color=#808080>\n•Weapon Type: <color=#FF2666><color=#FF2666>Melee</color></color></color><color=#808080>\n•Weapon Range: </color>Very Short<color=#808080>\n•Damage Scaling: <color=#FF2666>C</color><color=#808080> | </color><color=#26FF66>-</color><color=#808080> | </color><color=#26B0FF>-</color></color><color=#808080>\n•Attack Damage: </color><color=#00E61A>424 to 603</color> <color=#6E5442>Striking</color> <color=#808080>\n•Attack Speed: </color><color=#00E61A>1.86</color>\n•<indent=7px>Has <color=#00E317>+3</color> to <color=#A61FFF>Upgrade Level</color>.</indent>,<color=#4CC2FF><color=#4CC2FF>优秀</color></color> <color=#808080>锤</color><color=#808080>\n•武器类型:  <color=#FF2666><color=#FF2666>近战</color></color></color><color=#808080>\n•武器射程:  </color>极短<color=#808080>\n•属性加成：  <color=#FF2666>C</color><color=#808080> | </color><color=#26FF66>-</color><color=#808080> | </color><color=#26B0FF>-</color></color><color=#808080>\n•攻击伤害:  </color><color=#00E61A>424 至 603</color> <color=#6E5442>打击</color> <color=#808080>\n•攻击速度:  </color><color=#00E61A>1.86</color>\n•<indent=7px>Has <color=#00E317>+3</color> 至 <color=#A61FFF>升级等级</color>.</indent>,live:_TmpResidualEnglish.txt
Text,Instability,<color=#4CC2FF><color=#4CC2FF>Uncommon</color></color> <color=#808080>Flail</color><color=#808080>\n•Weapon Type: <color=#FF2666><color=#FF2666>Melee</color></color></color><color=#808080>\n•Weapon Range: </color>Short<color=#808080>\n•Damage Scaling: <color=#FF2666>C</color><color=#808080> | </color><color=#26FF66>C</color><color=#808080> | </color><color=#26B0FF>-</color></color><color=#808080>\n•Attack Damage: </color><color=#00E61A>251 to 366</color> <color=#6E5442>Striking</color> <color=#808080>\n•Attack Speed: </color><color=#00E61A>2.06</color><color=#808080>\n•Inflicts: </color><color=#FF3326><color=#FF3326>Instability</color></color>,<color=#4CC2FF><color=#4CC2FF>优秀</color></color> <color=#808080>连枷</color><color=#808080>\n•武器类型:  <color=#FF2666><color=#FF2666>近战</color></color></color><color=#808080>\n•武器射程:  </color>短<color=#808080>\n•属性加成：  <color=#FF2666>C</color><color=#808080> | </color><color=#26FF66>C</color><color=#808080> | </color><color=#26B0FF>-</color></color><color=#808080>\n•攻击伤害:  </color><color=#00E61A>251 至 366</color> <color=#6E5442>打击</color> <color=#808080>\n•攻击速度:  </color><color=#00E61A>2.06</color><color=#808080>\n•施加： </color><color=#FF3326><color=#FF3326>Instability</color></color>,live:_TmpResidualEnglish.txt
Text,Instability,<size=92%><color=#4CC2FF><color=#4CC2FF>优秀</color></color> <color=#808080>Flail</color><color=#808080>\n•武器类型:  <color=#FF2666><color=#FF2666>近战</color></color></color><color=#808080>\n•武器射程:  </color>短<color=#808080>\n•属性加成:  <color=#FF2666>C</color><color=#808080> | </color><color=#26FF66>C</color><color=#808080> | </color><color=#26B0FF>-</color></color><color=#808080>\n•攻击伤害:  </color><color=#00E61A>251 至 366</color> <color=#6E5442>打击</color> <color=#808080>\n•攻击速度:  </color><color=#00E61A>2.06</color><color=#808080>\n•施加: </color><color=#FF3326><color=#FF3326>Instability</color></color></size>,<size=92%><color=#4CC2FF><color=#4CC2FF>优秀</color></color> <color=#808080>连枷</color><color=#808080>\n•武器类型:  <color=#FF2666><color=#FF2666>近战</color></color></color><color=#808080>\n•武器射程:  </color>短<color=#808080>\n•属性加成:  <color=#FF2666>C</color><color=#808080> | </color><color=#26FF66>C</color><color=#808080> | </color><color=#26B0FF>-</color></color><color=#808080>\n•攻击伤害:  </color><color=#00E61A>251 至 366</color> <color=#6E5442>打击</color> <color=#808080>\n•攻击速度:  </color><color=#00E61A>2.06</color><color=#808080>\n•施加: </color><color=#FF3326><color=#FF3326>Instability</color></color></size>,live:_TmpUntranslated.txt
Text,Knit,*Knit*,*Knit*,live:_TmpUntranslated.txt
Text,SIP,*SIP*,*SIP*,live:_TmpUntranslated.txt
Text,War,"<size=92%><color=#00B824>套装 </color><color=#808080>饰品</color><color=#808080>\n+20 装备负重<sprite name=""Arrow_Right""><color=#00E61A>90</color>/97</color>\n•<color=#00E61A>+25%</color> 伤害于 <color=#FF2666>近程</color><sprite name=""Close""><color=#00B824>\n2件套:</color><color=#00B824>Warlord's Wake</color>\n<color=#00B824><sprite name=""SubArrowGreen"">War Belt</color>\n<color=#808080><sprite name=""SubArrowGrey"">War 靴子</color><color=#808080>\n•<indent=7px>造成 <color=#00E61A>+100%</color> 伤害于 <color=#FF2666>近程</color><sprite name=""Close"">.</indent></color></size>","<size=92%><color=#00B824>套装 </color><color=#808080>饰品</color><color=#808080>\n+20 装备负重<sprite name=""Arrow_Right""><color=#00E61A>90</color>/97</color>\n•<color=#00E61A>+25%</color> 伤害于 <color=#FF2666>近程</color><sprite name=""Close""><color=#00B824>\n2件套:</color><color=#00B824>军阀觉醒</color>\n<color=#00B824><sprite name=""SubArrowGreen"">战争腰带</color>\n<color=#808080><sprite name=""SubArrowGrey"">War 靴子</color><color=#808080>\n•<indent=7px>造成 <color=#00E61A>+100%</color> 伤害于 <color=#FF2666>近程</color><sprite name=""Close"">.</indent></color></size>",live:_TmpUntranslated.txt
Text,be;Glad;help;of;to,Glad to be\nof help.,Glad to be\nof help.,live:_TmpUntranslated.txt
Text,be;Glad;of;to,Glad to be\nof h,Glad to be\nof h,live:_TmpUntranslated.txt
Text,be;Glad;to,Glad to be\n,Glad to be\n,live:_TmpUntranslated.txt
Text,favour,A favour?\nV,A favour?\nV,live:_TmpUntranslated.txt
Text,favour;Very,A favour?\nVery ,A favour?\nVery ,live:_TmpUntranslated.txt
Text,favour;Very;wel,A favour?\nVery wel,A favour?\nVery wel,live:_TmpUntranslated.txt
Text,favour;Very;well,A favour?\nVery well.,A favour?\nVery well.,live:_TmpUntranslated.txt
Text,help;little;Need,Need a little help,Need a little help,live:_TmpUntranslated.txt
Text,help;little;Need,Need a little help?,Need a little help?,live:_TmpUntranslated.txt
Text,ig-gi-ig-gi-,AwOo-,哇喔-ig-gi-ig-gi-啊！,live:_TmpResidualEnglish.txt
Text,ig-gi-ig-gi-,AwOo-ig-g,哇喔-ig-gi-ig-gi-啊！,live:_TmpResidualEnglish.txt
Text,ig-gi-ig-gi-,AwOo-ig-gi-i,哇喔-ig-gi-ig-gi-啊！,live:_TmpResidualEnglish.txt
Text,ig-gi-ig-gi-,AwOo-ig-gi-ig-gi,哇喔-ig-gi-ig-gi-啊！,live:_TmpResidualEnglish.txt
Text,ig-gi-ig-gi-,AwOo-ig-gi-ig-gi-ah,哇喔-ig-gi-ig-gi-啊！,live:_TmpResidualEnglish.txt
Text,litt;Need,Need a litt,Need a litt,live:_TmpUntranslated.txt
Text,little;Need,Need a little h,Need a little h,live:_TmpUntranslated.txt
Text,other;Shares;stacks,<color=#808080>Consumable</color> | <color=#808080>Booze</color>\n•<color=#00E61A>+10%</color> Damage<color=#808080>\n•Duration: </color><color=grey><color=#FCC926>Tipsiness</color> Duration</color><color=#808080>\n•Max Stacks: </color><color=#808080><color=#FCC926>Tipsiness</color> Limit (<color=#00E61A>3</color>)</color><color=#808080>\n•Shares stacks with other <color=#A61FFF>Booze</color>.</color>\n<color=#808080>[<color=#A61FFF><color=#A61FFF>Booze</color></color>] </color><color=#808080>[<color=#A61FFF><color=#A61FFF>Buff</color></color>] </color>,<color=#808080>消耗品</color> | <color=#808080>酒类</color>\n•<color=#00E61A>+10%</color> 伤害<color=#808080>\n•持续时间： </color><color=grey><color=#FCC926>醉意</color> 持续时间</color><color=#808080>\n•最大层数： </color><color=#808080><color=#FCC926>醉意</color> 上限 (<color=#00E61A>3</color>)</color><color=#808080>\n•Shares stacks，作用于 other <color=#A61FFF>酒类</color>.</color>\n<color=#808080>[<color=#A61FFF><color=#A61FFF>酒类</color></color>] </color><color=#808080>[<color=#A61FFF><color=#A61FFF>增益</color></color>] </color>,live:_TmpResidualEnglish.txt
Text,other;Shares;stacks,<color=#808080>Consumable</color> | <color=#808080>Booze</color>\n•<color=#00E61A>+2.5%</color> <color=#FFFFFF>Attack Speed</color><color=#808080>\n•Max Stacks: </color><color=#808080><color=#FCC926>Tipsiness</color> Limit (<color=#00E61A>3</color>)</color><color=#808080>\n•Shares stacks with other <color=#A61FFF>Booze</color>.</color>\n<color=#808080>[<color=#A61FFF><color=#A61FFF>Booze</color></color>] </color><color=#808080>[<color=#A61FFF><color=#A61FFF>Buff</color></color>] </color>,<color=#808080>消耗品</color> | <color=#808080>酒类</color>\n•<color=#00E61A>+2.5%</color> <color=#FFFFFF>攻击速度</color><color=#808080>\n•最大层数： </color><color=#808080><color=#FCC926>醉意</color> 上限 (<color=#00E61A>3</color>)</color><color=#808080>\n•Shares stacks，作用于 other <color=#A61FFF>酒类</color>.</color>\n<color=#808080>[<color=#A61FFF><color=#A61FFF>酒类</color></color>] </color><color=#808080>[<color=#A61FFF><color=#A61FFF>增益</color></color>] </color>,live:_TmpResidualEnglish.txt
Text,other;Shares;stacks,<color=#808080>Consumable</color> | <color=#808080>Booze</color>\n•<color=#00E61A>+5%</color> Movement Speed<color=#808080>\n•Max Stacks: </color><color=#808080><color=#FCC926>Tipsiness</color> Limit (<color=#00E61A>3</color>)</color><color=#808080>\n•Shares stacks with other <color=#A61FFF>Booze</color>.</color>\n<color=#808080>[<color=#A61FFF><color=#A61FFF>Booze</color></color>] </color><color=#808080>[<color=#A61FFF><color=#A61FFF>Buff</color></color>] </color>,<color=#808080>消耗品</color> | <color=#808080>酒类</color>\n•<color=#00E61A>+5%</color> 移动速度<color=#808080>\n•最大层数： </color><color=#808080><color=#FCC926>醉意</color> 上限 (<color=#00E61A>3</color>)</color><color=#808080>\n•Shares stacks，作用于 other <color=#A61FFF>酒类</color>.</color>\n<color=#808080>[<color=#A61FFF><color=#A61FFF>酒类</color></color>] </color><color=#808080>[<color=#A61FFF><color=#A61FFF>增益</color></color>] </color>,live:_TmpResidualEnglish.txt
Text,room,"<color=#808080>Consumable</color>\n•<color=#00E61A>+1</color> <color=#6BBD30>Stamina</color><sprite name=""Stamina"">\n<color=#808080>•Duration: </color><color=#00E61A>1</color> room\n<color=#808080>[<color=#A61FFF><color=#A61FFF>Buff</color></color>] </color>","<color=#808080>消耗品</color>\n•<color=#00E61A>+1</color> <color=#6BBD30>体力</color><sprite name=""Stamina"">\n<color=#808080>•持续时间： </color><color=#00E61A>1</color> room\n<color=#808080>[<color=#A61FFF><color=#A61FFF>增益</color></color>] </color>",live:_TmpResidualEnglish.txt
Text,to,<color=#4CC2FF><color=#4CC2FF>Uncommon</color></color> <color=#808080>Accessory</color><color=#808080> | +0 Equip Load</color>\n•<color=#00E61A>+10</color> <color=#00E317>to</color> <color=#00E61A>25</color> to <color=#6E5442>Physical Damage</color><color=#26B0FF>\nAttunement: 1/1</color>,<color=#4CC2FF><color=#4CC2FF>优秀</color></color> <color=#808080>饰品</color><color=#808080> | +0 装备负重</color>\n•<color=#00E61A>+10</color> <color=#00E317>to</color> <color=#00E61A>25</color> 至 <color=#6E5442>物理伤害</color><color=#26B0FF>\n调谐:  1/1</color>,live:_TmpResidualEnglish.txt
Text,to,<color=#808080>Consumable</color> | <color=#808080>Infusion</color>\n•<color=#00E61A>+25</color> <color=#00E317>to</color> <color=#00E61A>30</color> <color=#1F852E>Poison Damage </color>to <color=#A61FFF>Weapons</color>\n<color=#808080>•Duration: </color><color=#00E61A>10</color> rooms\n<color=#808080>[<color=#A61FFF><color=#A61FFF>Infusion</color></color>] </color><color=#808080>[<color=#A61FFF><color=#A61FFF>Buff</color></color>] </color>,<color=#808080>消耗品</color> | <color=#808080>灌注</color>\n•<color=#00E61A>+25</color> <color=#00E317>to</color> <color=#00E61A>30</color> <color=#1F852E>毒素伤害 </color>to <color=#A61FFF>武器</color>\n<color=#808080>•持续时间： </color><color=#00E61A>10</color> 个房间\n<color=#808080>[<color=#A61FFF><color=#A61FFF>灌注</color></color>] </color><color=#808080>[<color=#A61FFF><color=#A61FFF>增益</color></color>] </color>,live:_TmpResidualEnglish.txt
Text,to,<color=#808080>Consumable</color> | <color=#808080>Infusion</color>\n•<color=#00E61A>+5</color> <color=#00E317>to</color> <color=#00E61A>50</color> <color=#FFE63D>Lightning Damage </color>to <color=#A61FFF>Weapons</color>\n<color=#808080>•Duration: </color><color=#00E61A>10</color> rooms\n<color=#808080>[<color=#A61FFF><color=#A61FFF>Infusion</color></color>] </color><color=#808080>[<color=#A61FFF><color=#A61FFF>Buff</color></color>] </color>,<color=#808080>消耗品</color> | <color=#808080>灌注</color>\n•<color=#00E61A>+5</color> <color=#00E317>to</color> <color=#00E61A>50</color> <color=#FFE63D>闪电 伤害 </color>to <color=#A61FFF>武器</color>\n<color=#808080>•持续时间： </color><color=#00E61A>10</color> 个房间\n<color=#808080>[<color=#A61FFF><color=#A61FFF>灌注</color></color>] </color><color=#808080>[<color=#A61FFF><color=#A61FFF>增益</color></color>] </color>,live:_TmpResidualEnglish.txt
Text,to,"<color=#FF631F><color=#FF631F>Legendary</color></color> <color=#808080>Helmet</color><color=#808080>\n+25 Equip Load<sprite name=""Arrow_Right""><color=#00E61A>95</color>/125</color>\n•<indent=7px><color=#00E61A>+5</color> <color=#00E317>to</color> <color=#00E61A>300</color> <color=#FFE63D>Lightning Damage</color>\nto <color=#FF2666>Melee</color> and <color=#26FF66>Ranged</color> <color=#A61FFF>Attacks</color></indent><color=#26B0FF>\nAttunement: 1/1</color>","<color=#FF631F><color=#FF631F>传说</color></color> <color=#808080>头盔</color><color=#808080>\n+25 装备负重<sprite name=""Arrow_Right""><color=#00E61A>95</color>/125</color>\n•<indent=7px><color=#00E61A>+5</color> <color=#00E317>to</color> <color=#00E61A>300</color> <color=#FFE63D>闪电 伤害</color>\nto <color=#FF2666>近战</color>和<color=#26FF66>远程</color> <color=#A61FFF>攻击</color></indent><color=#26B0FF>\n调谐:  1/1</color>",live:_TmpResidualEnglish.txt
Text,upgrade,"<size=92%><color=#4CC2FF><color=#4CC2FF>优秀</color></color> <color=#808080>头盔</color><color=#808080>\n+10 装备负重<sprite name=""Arrow_Right""><color=#00E61A>60</color>/97</color>\n•<color=#00E61A>+30%</color> chance for Food Rewards 至 upgrade<color=#26B0FF>\n调谐:  2/2</color></size>","<size=92%><color=#4CC2FF><color=#4CC2FF>优秀</color></color> <color=#808080>头盔</color><color=#808080>\n+10 装备负重<sprite name=""Arrow_Right""><color=#00E61A>60</color>/97</color>\n•<color=#00E61A>+30%</color> 几率使 食物奖励 至 upgrade<color=#26B0FF>\n调谐:  2/2</color></size>",live:_TmpUntranslated.txt
Title Text,Guaranteed,Guaranteed Helmet,Guaranteed 头盔,live:_TmpResidualEnglish.txt
Title Text,Guaranteed,Guaranteed 头盔,Guaranteed 头盔,live:_TmpUntranslated.txt
Title Text,Pear,Cursed\nPear,诅咒\nPear,live:_TmpResidualEnglish.txt
Title Text,Resin,Random Resin,随机 Resin,live:_TmpResidualEnglish.txt
Title Text,Resin,随机 Resin,随机 Resin,live:_TmpUntranslated.txt
Trait Description,Hit,"<size=100%><color=#639BFF>寒冷</color> additionally adds <color=#00E61A>+40%</color> chance to take a <color=#FF3326>暴击 Hit </color><sprite name=""Critical_Hit"">.</size>","<size=100%><color=#639BFF>寒冷</color> 额外增加 <color=#00E61A>+40%</color> 受到 a <color=#FF3326>暴击 Hit </color><sprite name=""Critical_Hit"">.</size>",live:_TmpUntranslated.txt
Trait Description,Your,"<size=100%>•Your <color=#FF3326>心</color><sprite name=""Heart""> count as <color=#26B0FF>灵魂之心s</color><sprite name=""Soul_Heart"">.\n•<indent=7px>Recover <color=#00E61A>+2</color> <color=#FF3326>心</color><sprite name=""Heart""> upon entering a Floor.</indent></size>","<size=100%>•Your <color=#FF3326>心</color><sprite name=""Heart""> 视为 <color=#26B0FF>灵魂之心s</color><sprite name=""Soul_Heart"">.\n•<indent=7px>恢复 <color=#00E61A>+2</color> <color=#FF3326>心</color><sprite name=""Heart""> 进入楼层时.</indent></size>",live:_TmpUntranslated.txt
Trait Description,Your,"•Your <color=#FF3326>Hearts</color><sprite name=""Heart""> count as <color=#26B0FF>Soul Hearts</color><sprite name=""Soul_Heart"">.\n•<indent=7px>Recover <color=#00E61A>+2</color> <color=#FF3326>Hearts</color><sprite name=""Heart""> upon entering a Floor.</indent>","•Your <color=#FF3326>心</color><sprite name=""Heart""> 视为 <color=#26B0FF>灵魂之心s</color><sprite name=""Soul_Heart"">.\n•<indent=7px>恢复 <color=#00E61A>+2</color> <color=#FF3326>心</color><sprite name=""Heart""> 进入楼层时.</indent>",live:_TmpResidualEnglish.txt
Trait Description,also;apply;have;Modifiers;to;value;your,"<size=100%>•<indent=7px><color=#FFFFFF>攻击速度 </color>Modifiers have <color=#FF0000>x0.50</color> value.</indent>\n•<indent=7px>Modifiers to <color=#FFFFFF>攻击速度 </color><color=#00E317>also</color> apply to your 伤害于 <color=#00E61A>200%</color> value.\n<color=#808080>(<color=#00FF00>+12%</color>, <color=#808080>x1.00</color> currently)</color></indent></size>","<size=100%>•<indent=7px><color=#FFFFFF>攻击速度 </color>Modifiers have <color=#FF0000>x0.50</color> value.</indent>\n•<indent=7px>Modifiers to <color=#FFFFFF>攻击速度 </color><color=#00E317>also</color> apply to your 伤害于 <color=#00E61A>200%</color> value.\n<color=#808080>(<color=#00FF00>+12%</color>, <color=#808080>x1.00</color> 当前)</color></indent></size>",live:_TmpUntranslated.txt
Trait Description,also;apply;have;Modifiers;to;value;your,"<size=100%>•<indent=7px><color=#FFFFFF>攻击速度 </color>Modifiers have <color=#FF0000>x0.50</color> value.</indent>\n•<indent=7px>Modifiers to <color=#FFFFFF>攻击速度 </color><color=#00E317>also</color> apply to your 伤害于 <color=#00E61A>200%</color> value.\n<color=#808080>(<color=#00FF00>+6%</color>, <color=#808080>x1.00</color> currently)</color></indent></size>","<size=100%>•<indent=7px><color=#FFFFFF>攻击速度 </color>Modifiers have <color=#FF0000>x0.50</color> value.</indent>\n•<indent=7px>Modifiers to <color=#FFFFFF>攻击速度 </color><color=#00E317>also</color> apply to your 伤害于 <color=#00E61A>200%</color> value.\n<color=#808080>(<color=#00FF00>+6%</color>, <color=#808080>x1.00</color> 当前)</color></indent></size>",live:_TmpUntranslated.txt
Trait Description,also;apply;have;Modifiers;to;value;your,"•<indent=7px><color=#FFFFFF>Attack Speed </color>Modifiers have <color=#FF0000>x0.50</color> value.</indent>\n•<indent=7px>Modifiers to <color=#FFFFFF>Attack Speed </color><color=#00E317>also</color> apply to your Damage at <color=#00E61A>200%</color> value.\n<color=#808080>(<color=#00FF00>+12%</color>, <color=#808080>x1.00</color> currently)</color></indent>","•<indent=7px><color=#FFFFFF>攻击速度 </color>Modifiers have <color=#FF0000>x0.50</color> value.</indent>\n•<indent=7px>Modifiers to <color=#FFFFFF>攻击速度 </color><color=#00E317>also</color> apply to your 伤害于 <color=#00E61A>200%</color> value.\n<color=#808080>(<color=#00FF00>+12%</color>, <color=#808080>x1.00</color> 当前)</color></indent>",live:_TmpResidualEnglish.txt
Trait Description,also;apply;have;Modifiers;to;value;your,"•<indent=7px><color=#FFFFFF>Attack Speed </color>Modifiers have <color=#FF0000>x0.50</color> value.</indent>\n•<indent=7px>Modifiers to <color=#FFFFFF>Attack Speed </color><color=#00E317>also</color> apply to your Damage at <color=#00E61A>200%</color> value.\n<color=#808080>(<color=#00FF00>+6%</color>, <color=#808080>x1.00</color> currently)</color></indent>","•<indent=7px><color=#FFFFFF>攻击速度 </color>Modifiers have <color=#FF0000>x0.50</color> value.</indent>\n•<indent=7px>Modifiers to <color=#FFFFFF>攻击速度 </color><color=#00E317>also</color> apply to your 伤害于 <color=#00E61A>200%</color> value.\n<color=#808080>(<color=#00FF00>+6%</color>, <color=#808080>x1.00</color> 当前)</color></indent>",live:_TmpResidualEnglish.txt
Trait Description,also;apply;to;your,"<size=100%>Modifiers to your <color=#3B3B7A>诅咒命中几率</color><sprite name=""Curse""> <color=#00E317>also</color> apply to your <color=#FF3326>暴击几率</color><sprite name=""Critical_Hit"">.\n<color=#7F7F7FFF>(<color=#00E61A>+20%</color> currently)</color></size>","<size=100%>对你的 <color=#3B3B7A>诅咒命中几率</color><sprite name=""Curse""> <color=#00E317>also</color> apply to your <color=#FF3326>暴击几率</color><sprite name=""Critical_Hit"">.\n<color=#7F7F7FFF>(<color=#00E61A>+20%</color> 当前)</color></size>",live:_TmpUntranslated.txt
Trait Description,also;apply;to;your,"Modifiers to your <color=#3B3B7A>Cursed Hit Chance</color><sprite name=""Curse""> <color=#00E317>also</color> apply to your <color=#FF3326>Critical Hit Chance</color><sprite name=""Critical_Hit"">.\n<color=#7F7F7FFF>(<color=#00E61A>+20%</color> currently)</color>","对你的 <color=#3B3B7A>诅咒命中几率</color><sprite name=""Curse""> <color=#00E317>also</color> apply to your <color=#FF3326>暴击几率</color><sprite name=""Critical_Hit"">.\n<color=#7F7F7FFF>(<color=#00E61A>+20%</color> 当前)</color>",live:_TmpResidualEnglish.txt
Trait Description,and;Bleed;damage;you;your,"<size=100%><color=#6E5442>斩击 damage </color>from you and your 同伴s<sprite name=""Companion""> inflicts <color=#FF3326>Bleed</color>. </size>","<size=100%><color=#6E5442>斩击 damage </color>来自 you and your 同伴s<sprite name=""Companion""> 施加 <color=#FF3326>Bleed</color>. </size>",live:_TmpUntranslated.txt
Trait Description,and;Bleed;you;your,"<color=#6E5442>Slashing damage </color>from you and your Companions<sprite name=""Companion""> inflicts <color=#FF3326>Bleed</color>. ","<color=#6E5442>斩击伤害 </color>来自 you and your 同伴<sprite name=""Companion""> 施加 <color=#FF3326>Bleed</color>. ",live:_TmpResidualEnglish.txt
Trait Description,and;Gain,"<size=100%>Gain <color=#00E61A>+100%</color> 获得的属性来自 <color=#26FF66>敏捷</color>, but gain <color=#FF0000>-50%</color> stats from <color=#FF2666>力量</color> and <color=#26B0FF>智力</color>.</size>","<size=100%>Gain <color=#00E61A>+100%</color> 获得的属性来自 <color=#26FF66>敏捷</color>, 但获得 <color=#FF0000>-50%</color> 属性 来自 <color=#FF2666>力量</color> and <color=#26B0FF>智力</color>.</size>",live:_TmpUntranslated.txt
Trait Description,and;Gain,"Gain <color=#00E61A>+100%</color> Stats from <color=#26FF66>Dexterity</color>, but gain <color=#FF0000>-50%</color> stats from <color=#FF2666>Strength</color> and <color=#26B0FF>Intelligence</color>.","Gain <color=#00E61A>+100%</color> 获得的属性来自 <color=#26FF66>敏捷</color>, 但获得 <color=#FF0000>-50%</color> 属性 来自 <color=#FF2666>力量</color> and <color=#26B0FF>智力</color>.",live:_TmpResidualEnglish.txt
Trait Description,damage;deal;Repeats;Your,"<size=100%>•<indent=7px><color=#A61FFF>冲刺时</color>, <color=#A61FFF>重复</color> 你的下 <color=#00E317>2</color> <color=#A61FFF>攻击</color>.</indent>\n•<indent=7px>Your <color=#A61FFF>Repeats</color> deal <color=#00E61A>x2.00</color> damage.</indent></size>","<size=100%>•<indent=7px><color=#A61FFF>冲刺时</color>, <color=#A61FFF>重复</color> 你的下 <color=#00E317>2</color> <color=#A61FFF>攻击</color>.</indent>\n•<indent=7px>Your <color=#A61FFF>Repeats</color> deal <color=#00E61A>x2.00</color> damage.</indent></size>",live:_TmpUntranslated.txt
Trait Description,damage;deal;Repeats;Your,"•<indent=7px><color=#A61FFF>On Dash</color>, <color=#A61FFF>repeat</color> your next <color=#00E317>2</color> <color=#A61FFF>Attacks</color>.</indent>\n•<indent=7px>Your <color=#A61FFF>Repeats</color> deal <color=#00E61A>x2.00</color> damage.</indent>","•<indent=7px><color=#A61FFF>冲刺时</color>, <color=#A61FFF>重复</color> 你的下 <color=#00E317>2</color> <color=#A61FFF>攻击</color>.</indent>\n•<indent=7px>Your <color=#A61FFF>Repeats</color> deal <color=#00E61A>x2.00</color> damage.</indent>",live:_TmpResidualEnglish.txt
Trait Description,dealing;Elemental;for;gain;On,"<size=100%>On dealing <color=#FF0000>E</color><color=#FF7F00>l</color><color=#FFFF00>e</color><color=#00FF00>m</color><color=#0000FF>e</color><color=#9400D3>n</color><color=#FF0000>t</color><color=#FF7F00>a</color><color=#FFFF00>l</color> 伤害 gain <color=#A61FFF>增益</color>:\n<sprite name=""SubArrow""><color=#FFE63D>闪电</color> <sprite name=""Arrow_Right_White""> <color=#00E61A>x1.30</color> <color=#FF3326>火焰 伤害 </color>for <color=#00E61A>4</color> <color=#00E61A>秒</color>\n<sprite name=""SubArrow""><color=#FF3326>火焰</color> <sprite name=""Arrow_Right_White""> <color=#00E61A>x1.30</color> <color=#639CFF>冰霜 伤害 </color>for <color=#00E61A>4</color> <color=#00E61A>秒</color>\n<sprite name=""SubArrow""><color=#639CFF>冰霜</color> <sprite name=""Arrow_Right_White""> <color=#00E61A>x1.30</color> <color=#FFE63D>闪电 伤害 </color>for <color=#00E61A>4</color> <color=#00E61A>秒</color></size>","<size=100%>On dealing <color=#FF0000>E</color><color=#FF7F00>l</color><color=#FFFF00>e</color><color=#00FF00>m</color><color=#0000FF>e</color><color=#9400D3>n</color><color=#FF0000>t</color><color=#FF7F00>a</color><color=#FFFF00>l</color> 伤害 gain <color=#A61FFF>增益</color>:\n<sprite name=""SubArrow""><color=#FFE63D>闪电</color> <sprite name=""Arrow_Right_White""> <color=#00E61A>x1.30</color> <color=#FF3326>火焰 伤害 </color>for <color=#00E61A>4</color> <color=#00E61A>秒</color>\n<sprite name=""SubArrow""><color=#FF3326>火焰</color> <sprite name=""Arrow_Right_White""> <color=#00E61A>x1.30</color> <color=#639CFF>冰霜 伤害 </color>for <color=#00E61A>4</color> <color=#00E61A>秒</color>\n<sprite name=""SubArrow""><color=#639CFF>冰霜</color> <sprite name=""Arrow_Right_White""> <color=#00E61A>x1.30</color> <color=#FFE63D>闪电 伤害 </color>for <color=#00E61A>4</color> <color=#00E61A>秒</color></size>",live:_TmpUntranslated.txt
Trait Description,dealing;Elemental;for;gain;On,"On dealing <color=#FF0000>E</color><color=#FF7F00>l</color><color=#FFFF00>e</color><color=#00FF00>m</color><color=#0000FF>e</color><color=#9400D3>n</color><color=#FF0000>t</color><color=#FF7F00>a</color><color=#FFFF00>l</color> Damage gain <color=#A61FFF>Buffs</color>:\n<sprite name=""SubArrow""><color=#FFE63D>Lightning</color> <sprite name=""Arrow_Right_White""> <color=#00E61A>x1.30</color> <color=#FF3326>Fire Damage </color>for <color=#00E61A>4</color> <color=#00E61A>seconds</color>\n<sprite name=""SubArrow""><color=#FF3326>Fire</color> <sprite name=""Arrow_Right_White""> <color=#00E61A>x1.30</color> <color=#639CFF>Cold Damage </color>for <color=#00E61A>4</color> <color=#00E61A>seconds</color>\n<sprite name=""SubArrow""><color=#639CFF>Cold</color> <sprite name=""Arrow_Right_White""> <color=#00E61A>x1.30</color> <color=#FFE63D>Lightning Damage </color>for <color=#00E61A>4</color> <color=#00E61A>seconds</color>","On dealing <color=#FF0000>E</color><color=#FF7F00>l</color><color=#FFFF00>e</color><color=#00FF00>m</color><color=#0000FF>e</color><color=#9400D3>n</color><color=#FF0000>t</color><color=#FF7F00>a</color><color=#FFFF00>l</color> 伤害 gain <color=#A61FFF>增益</color>:\n<sprite name=""SubArrow""><color=#FFE63D>闪电</color> <sprite name=""Arrow_Right_White""> <color=#00E61A>x1.30</color> <color=#FF3326>火焰 伤害 </color>for <color=#00E61A>4</color> <color=#00E61A>秒</color>\n<sprite name=""SubArrow""><color=#FF3326>火焰</color> <sprite name=""Arrow_Right_White""> <color=#00E61A>x1.30</color> <color=#639CFF>冰霜 伤害 </color>for <color=#00E61A>4</color> <color=#00E61A>秒</color>\n<sprite name=""SubArrow""><color=#639CFF>冰霜</color> <sprite name=""Arrow_Right_White""> <color=#00E61A>x1.30</color> <color=#FFE63D>闪电 伤害 </color>for <color=#00E61A>4</color> <color=#00E61A>秒</color>",live:_TmpResidualEnglish.txt
Trait Description,grant;increased,"<size=100%>同伴s grant increased stats depending on how many you have:\n<sprite name=""SubArrow"">1: <color=#00E61A>+300%</color> stats from 同伴s<sprite name=""Companion"">\n<sprite name=""SubArrow"">2: <color=#00E61A>+200%</color> stats from 同伴s<sprite name=""Companion"">\n<sprite name=""SubArrow"">3: <color=#00E61A>+100%</color> stats from 同伴s<sprite name=""Companion""></size>","<size=100%>同伴s grant increased 属性 根据你拥有的同伴数量提高:\n<sprite name=""SubArrow"">1: <color=#00E61A>+300%</color> 属性 来自 同伴s<sprite name=""Companion"">\n<sprite name=""SubArrow"">2: <color=#00E61A>+200%</color> 属性 来自 同伴s<sprite name=""Companion"">\n<sprite name=""SubArrow"">3: <color=#00E61A>+100%</color> 属性 来自 同伴s<sprite name=""Companion""></size>",live:_TmpUntranslated.txt
Trait Description,grant;increased,"Companions grant increased stats depending on how many you have:\n<sprite name=""SubArrow"">1: <color=#00E61A>+300%</color> stats from Companions<sprite name=""Companion"">\n<sprite name=""SubArrow"">2: <color=#00E61A>+200%</color> stats from Companions<sprite name=""Companion"">\n<sprite name=""SubArrow"">3: <color=#00E61A>+100%</color> stats from Companions<sprite name=""Companion"">","同伴 grant increased 属性 根据你拥有的同伴数量提高:\n<sprite name=""SubArrow"">1: <color=#00E61A>+300%</color> 属性 来自 同伴<sprite name=""Companion"">\n<sprite name=""SubArrow"">2: <color=#00E61A>+200%</color> 属性 来自 同伴<sprite name=""Companion"">\n<sprite name=""SubArrow"">3: <color=#00E61A>+100%</color> 属性 来自 同伴<sprite name=""Companion"">",live:_TmpResidualEnglish.txt
Trait Description,to,"<size=100%>Grants 2 <color=#FF2666>先祖之灵</color> 同伴s<sprite name=""Companion"">.<color=#808080>\n•攻击伤害: </color><color=#00E61A>213 to 292</color> <color=#6E5442>斩击</color> <color=#808080>\n•攻击速度: </color><color=#00E61A>2.00</color>\n<color=grey>•<indent=7px>每个提供:</color> <color=#00E61A>+5%</color> <color=#FFFFFF>攻击速度</color></indent></size>","<size=100%>获得 2 <color=#FF2666>先祖之灵</color> 同伴s<sprite name=""Companion"">.<color=#808080>\n•攻击伤害: </color><color=#00E61A>213 to 292</color> <color=#6E5442>斩击</color> <color=#808080>\n•攻击速度: </color><color=#00E61A>2.00</color>\n<color=grey>•<indent=7px>每个提供:</color> <color=#00E61A>+5%</color> <color=#FFFFFF>攻击速度</color></indent></size>",live:_TmpUntranslated.txt
Trait Description,to,"Grants 2 <color=#FF2666>Ancestral Spirit</color> Companions<sprite name=""Companion"">.<color=#808080>\n•Attack Damage: </color><color=#00E61A>213 to 292</color> <color=#6E5442>Slashing</color> <color=#808080>\n•Attack Speed: </color><color=#00E61A>2.00</color>\n<color=grey>•<indent=7px>Each Grants:</color> <color=#00E61A>+5%</color> <color=#FFFFFF>Attack Speed</color></indent>","获得 2 <color=#FF2666>先祖之灵</color> 同伴<sprite name=""Companion"">.<color=#808080>\n•攻击伤害: </color><color=#00E61A>213 to 292</color> <color=#6E5442>斩击</color> <color=#808080>\n•攻击速度: </color><color=#00E61A>2.00</color>\n<color=grey>•<indent=7px>每个提供:</color> <color=#00E61A>+5%</color> <color=#FFFFFF>攻击速度</color></indent>",live:_TmpResidualEnglish.txt
Trait Title,Balance,Elemental Balance,元素 Balance,live:_TmpResidualEnglish.txt
Trait Title,Balance,元素 Balance,元素 Balance,live:_TmpUntranslated.txt
Trait Title,Blood,Cold Blood,冰霜 Blood,live:_TmpResidualEnglish.txt
Trait Title,Blood,冰霜 Blood,冰霜 Blood,live:_TmpUntranslated.txt
Value,to,<color=#00E61A>218 to 302</color> <color=#6E5442>Slashing</color> ,<color=#00E61A>218 to 302</color> <color=#6E5442>斩击</color> ,live:_TmpResidualEnglish.txt
Value,to,<color=#FFFFFF>110 to 145</color> <color=#6E5442>Slashing</color> ,<color=#FFFFFF>110 to 145</color> <color=#6E5442>斩击</color> ,live:_TmpResidualEnglish.txt
